{
  "records": {
    "shakespeare": {
      "name": "Shakespeare",
      "slug": "shakespeare",
      "zm_rmse": 0.18443042500644333,
      "step2_rmse": 0.18285154352815539,
      "step10_rmse": 0.1598718529967204,
      "poly5_rmse": 0.1505496191235793,
      "poly5_coefficients": [
        286.43807099534587,
        -912.078297072259,
        1080.512379675886,
        -574.1448168670508,
        126.39631673448858,
        -7.097188429178873
      ]
    },
    "war_and_peace": {
      "name": "War and Peace",
      "slug": "war_and_peace",
      "zm_rmse": 0.182982301215073,
      "step2_rmse": 0.18043682215068654,
      "step10_rmse": 0.14534740465186036,
      "poly5_rmse": 0.14581271318709715,
      "poly5_coefficients": [
        173.53691338493817,
        -570.2604457751933,
        691.9350738006982,
        -371.2973430233345,
        79.65124963661947,
        -3.6232873667736625
      ]
    }
  },
  "transfers": [
    {
      "source": "Shakespeare",
      "target": "War and Peace",
      "source_poly5_coefficients": [
        286.43807099534587,
        -912.078297072259,
        1080.512379675886,
        -574.1448168670508,
        126.39631673448858,
        -7.097188429178873
      ],
      "target_zm_rmse": 0.182982301215073,
      "target_step2_rmse": 0.18043682215068654,
      "target_in_domain_poly5_rmse": 0.14581271318709715,
      "target_step10_rmse": 0.14534740465186036,
      "zero_shot_rmse": 0.15127747094311222
    },
    {
      "source": "War and Peace",
      "target": "Shakespeare",
      "source_poly5_coefficients": [
        173.53691338493817,
        -570.2604457751933,
        691.9350738006982,
        -371.2973430233345,
        79.65124963661947,
        -3.6232873667736625
      ],
      "target_zm_rmse": 0.18443042500644333,
      "target_step2_rmse": 0.18285154352815539,
      "target_in_domain_poly5_rmse": 0.1505496191235793,
      "target_step10_rmse": 0.1598718529967204,
      "zero_shot_rmse": 0.15565236538090854
    }
  ]
}