{
  "final_verdict": "no_clean_poisson_support_in_sr_selection",
  "rank3727_analysis": {
    "rank_by_rmse": 3727,
    "expression": "div[mul[log[x],log[x]],div[1,sqrt[x]]]",
    "math": "((log(x)*log(x))/(1/sqrt(x)))",
    "rmse": 2.9411426025283762,
    "cosine_vs_shifted_kl": 0.9994075006858061,
    "cosine_vs_unshifted_negative_entropy": -0.4427554096549023,
    "bregman_boundary_diagnostics": {
      "f_at_1": 0.0,
      "fprime_at_1": 3.61264582125786e-08,
      "fsecond_min_continuous_grid": -21.31545008910689,
      "fsecond_positive_continuous_grid": false,
      "bregman_conditions_pass": false,
      "second_diff_min_on_integer_support": 0.002105113018031823,
      "second_diff_positive_on_integer_support": true
    },
    "affine_equivalence_to_shifted_kl": {
      "a": -0.024277606321835777,
      "b": 2.496006938428166,
      "rmse": 0.020525889885452307,
      "r2": 0.9987242402530726,
      "max_abs_residual": 0.03614847849421521
    },
    "affine_equivalence_to_unshifted_negative_entropy": {
      "a": 2.4717293321063285,
      "b": 2.496006938428164,
      "rmse": 0.020525889885452293,
      "r2": 0.9987242402530726,
      "max_abs_residual": 0.03614847849421632
    },
    "algebraically_equivalent_to_shifted_kl_under_affine_fit": false,
    "algebraically_equivalent_to_unshifted_negative_entropy_under_affine_fit": false
  },
  "residual_decomposition_summary": {
    "fit_a": 1.2361915589511814,
    "fit_b": 2.3468039138254677,
    "r2": 0.0386755716099052,
    "fit_rmse": 2.6920800944287375,
    "original_residual_rmse": 3.2606252248768124,
    "remainder_rmse": 2.6920800944287375
  },
  "remainder_winner": {
    "label": "remainder_after_shifted_kl_fit",
    "support_size": 31,
    "residual_rmse": 2.6920800944287375,
    "winner_expression": "mul[mul[x,x],eml[x,1]]",
    "winner_math": "((x*x)*EML(x,1))",
    "winner_rmse": 2.415427534719666,
    "winner_cosine_vs_shifted_kl": 0.09791006848415587,
    "winner_cosine_vs_unshifted_negative_entropy": -0.8209091723636954,
    "winner_bregman_diag": {
      "f_at_1": 2.718281828459045,
      "fprime_at_1": 8.154845060071239,
      "fsecond_min_continuous_grid": 2.316369029885152,
      "fsecond_positive_continuous_grid": true,
      "bregman_conditions_pass": false,
      "second_diff_min_on_integer_support": 0.0025400733970919126,
      "second_diff_positive_on_integer_support": true
    },
    "shifted_kl_occurrences": [],
    "unshifted_negative_entropy_occurrences": [],
    "predicted_form_in_top5": false,
    "predicted_form_in_top20": false
  },
  "mild_ratio_summaries": [
    {
      "label": "poisson_mixture_10_12",
      "support_size": 21,
      "residual_rmse": 0.17140387351051664,
      "winner_expression": "add[mul[mul[x,x],log[x]],eml[sub[x,1],add[1,x]]]",
      "winner_math": "(((x*x)*log(x))+EML((x-1),(1+x)))",
      "winner_rmse": 0.05895237635696792,
      "winner_cosine_vs_shifted_kl": 0.7921154621049976,
      "winner_cosine_vs_unshifted_negative_entropy": -0.6647610940127628,
      "winner_bregman_diag": {
        "f_at_1": 0.3068528194400547,
        "fprime_at_1": 1.4999999668943929,
        "fsecond_min_continuous_grid": -1.692190024534284,
        "fsecond_positive_continuous_grid": false,
        "bregman_conditions_pass": false,
        "second_diff_min_on_integer_support": -0.001039669416363409,
        "second_diff_positive_on_integer_support": false
      },
      "shifted_kl_occurrences": [
        {
          "step": 3,
          "rmse_rank": 938,
          "expr": "add[div[log[x],div[1,x]],add[1,neg[x]]]",
          "math": "((log(x)/(1/x))+(1+(-x)))",
          "rmse": 0.2009359672571026,
          "in_top5_by_rmse": false,
          "in_diversity_beam": false,
          "diversity_rank": null
        }
      ],
      "unshifted_negative_entropy_occurrences": [
        {
          "step": 3,
          "rmse_rank": 4970,
          "expr": "neg[eml[log[x],pow[x,x]]]",
          "math": "(-EML(log(x),pow(x,x)))",
          "rmse": 0.8904301037514107,
          "in_top5_by_rmse": false,
          "in_top20_by_rmse": false
        }
      ],
      "predicted_form_in_top5": false,
      "predicted_form_in_top20": false
    },
    {
      "label": "poisson_mixture_10_15",
      "support_size": 24,
      "residual_rmse": 0.7579641979367262,
      "winner_expression": "add[sub[sub[x,1],log[x]],pow[mul[x,x],eml[x,x]]]",
      "winner_math": "(((x-1)-log(x))+pow((x*x),EML(x,x)))",
      "winner_rmse": 0.25780927060648295,
      "winner_cosine_vs_shifted_kl": 0.8786536725834377,
      "winner_cosine_vs_unshifted_negative_entropy": -0.6303346175814688,
      "winner_bregman_diag": {
        "f_at_1": 1.0,
        "fprime_at_1": 5.436561191982946,
        "fsecond_min_continuous_grid": 6.4789542832997995,
        "fsecond_positive_continuous_grid": true,
        "bregman_conditions_pass": false,
        "second_diff_min_on_integer_support": 0.011085565557954119,
        "second_diff_positive_on_integer_support": true
      },
      "shifted_kl_occurrences": [
        {
          "step": 3,
          "rmse_rank": 487,
          "expr": "sub[add[1,neg[x]],mul[neg[x],log[x]]]",
          "math": "((1+(-x))-((-x)*log(x)))",
          "rmse": 0.5183134154042849,
          "in_top5_by_rmse": false,
          "in_diversity_beam": false,
          "diversity_rank": null
        }
      ],
      "unshifted_negative_entropy_occurrences": [
        {
          "step": 3,
          "rmse_rank": 7257,
          "expr": "neg[eml[log[x],pow[x,x]]]",
          "math": "(-EML(log(x),pow(x,x)))",
          "rmse": 1.319725741172835,
          "in_top5_by_rmse": false,
          "in_top20_by_rmse": false
        }
      ],
      "predicted_form_in_top5": false,
      "predicted_form_in_top20": false
    }
  ],
  "negbin_dispersion_summary": {
    "mean": 12.0,
    "variance": 24.0,
    "nb_size_dispersion_used": 12.0,
    "nb_success_probability": 0.5,
    "note": "Mean 12 and variance 24 imply NB size/dispersion 12 under var = mean + mean^2/size.",
    "k_max": 26,
    "captured_mass": 0.9930735173693396,
    "summary": {
      "label": "negbin_mean12_var24_fit_poisson_count_coordinate",
      "support_size": 27,
      "residual_rmse": 1.4919959300193086,
      "winner_expression": "sub[eml[mul[x,x],add[x,x]],eml[neg[x],pow[x,x]]]",
      "winner_math": "(EML((x*x),(x+x))-EML((-x),pow(x,x)))",
      "winner_rmse": 0.7012890425142355,
      "winner_cosine_vs_shifted_kl": 0.7350148357361902,
      "winner_cosine_vs_unshifted_negative_entropy": -0.7641795837552647,
      "winner_bregman_diag": {
        "f_at_1": 1.6572552067276574,
        "fprime_at_1": 5.804442475682663,
        "fsecond_min_continuous_grid": 8.817798219356973,
        "fsecond_positive_continuous_grid": true,
        "bregman_conditions_pass": false,
        "second_diff_min_on_integer_support": 0.011795428018906096,
        "second_diff_positive_on_integer_support": true
      },
      "shifted_kl_occurrences": [],
      "unshifted_negative_entropy_occurrences": [
        {
          "step": 3,
          "rmse_rank": 8415,
          "expr": "div[sub[1,log[x]],div[1,neg[x]]]",
          "math": "((1-log(x))/(1/(-x)))",
          "rmse": 2.022735066402795,
          "in_top5_by_rmse": false,
          "in_top20_by_rmse": false
        }
      ],
      "predicted_form_in_top5": false,
      "predicted_form_in_top20": false
    }
  }
}
