iteration,alpha,sigma,sigma_at_lower_bound
1,0.5049173868703584,0.05,True
2,0.5049173739014398,0.05,True
3,0.5049173807853594,0.05,True
4,0.5049174340956519,0.05,True
