{
  "summary": {
    "n_lowc_corpora": 14,
    "median_cos_exp_xpow_top200": 0.9650017586137403,
    "median_r2_span_expxpow_top200": 0.8357171446178457,
    "median_r2_span_expis_top200": 0.5653924709778587,
    "median_xpow_minus_exp_full": 0.002566904493557731,
    "median_xpow_minus_exp_top100": -0.07470872112441768,
    "full_winner_counts": {
      "exp": 14
    },
    "top50_winner_counts": {
      "xpow": 9,
      "is": 4,
      "exp": 1
    },
    "top100_winner_counts": {
      "xpow": 11,
      "is": 2,
      "exp": 1
    },
    "top200_winner_counts": {
      "xpow": 13,
      "exp": 1
    }
  },
  "rows": [
    {
      "slug": "moby_dick",
      "name": "Moby Dick",
      "c": 10.497932011426359,
      "full_winner": "exp",
      "top50_winner": "xpow",
      "top100_winner": "xpow",
      "top200_winner": "xpow",
      "full_scores": {
        "exp": 0.16334575772525425,
        "xpow": 0.16670359434462198,
        "is": 0.1668446074380373
      },
      "top50_scores": {
        "exp": 0.26107214130083695,
        "xpow": 0.18017433284026155,
        "is": 0.47187289937534405
      },
      "top100_scores": {
        "exp": 0.2404447222218761,
        "xpow": 0.15178421387615004,
        "is": 0.4051701429487729
      },
      "top200_scores": {
        "exp": 0.1989990596443582,
        "xpow": 0.11139094606930111,
        "is": 0.3234536656579641
      },
      "cos_exp_xpow_top200": 0.9684915748449283,
      "r2_span_expxpow_top200": 0.6639632551578545,
      "beta_span_expxpow_top200": [
        -0.8151590167983376,
        1.6537440270514492
      ],
      "r2_span_expis_top200": 0.8251993208549717,
      "beta_span_expis_top200": [
        -2.6432701267157532,
        1.0621443459680793
      ],
      "xpow_minus_exp_full": 0.0033578366193677267,
      "xpow_minus_exp_top100": -0.08866050834572606
    },
    {
      "slug": "grimms_fairy_tales",
      "name": "Grimm's Fairy Tales",
      "c": 45.98251274197185,
      "full_winner": "exp",
      "top50_winner": "is",
      "top100_winner": "xpow",
      "top200_winner": "xpow",
      "full_scores": {
        "exp": 0.16550485072433857,
        "xpow": 0.16705646289920434,
        "is": 0.16733516871434567
      },
      "top50_scores": {
        "exp": 0.32774366947318145,
        "xpow": 0.2813307385962055,
        "is": 0.23270944286992032
      },
      "top100_scores": {
        "exp": 0.338454541262675,
        "xpow": 0.2621831328082805,
        "is": 0.33745074359549887
      },
      "top200_scores": {
        "exp": 0.2883079535400948,
        "xpow": 0.20450000912871924,
        "is": 0.3036161294424736
      },
      "cos_exp_xpow_top200": 0.9577653463629018,
      "r2_span_expxpow_top200": 0.8795981951598071,
      "beta_span_expxpow_top200": [
        -0.939086584905245,
        3.4931162908974263
      ],
      "r2_span_expis_top200": 0.6994085554654764,
      "beta_span_expis_top200": [
        -4.753619459636696,
        2.0640443323690185
      ],
      "xpow_minus_exp_full": 0.0015516121748657685,
      "xpow_minus_exp_top100": -0.07627140845439451
    },
    {
      "slug": "don_quixote",
      "name": "Don Quixote",
      "c": 65.66394188576379,
      "full_winner": "exp",
      "top50_winner": "is",
      "top100_winner": "is",
      "top200_winner": "xpow",
      "full_scores": {
        "exp": 0.1763356841530791,
        "xpow": 0.17916885732189522,
        "is": 0.17692787402335688
      },
      "top50_scores": {
        "exp": 0.6065194597932416,
        "xpow": 0.6111153461058669,
        "is": 0.2588973753551698
      },
      "top100_scores": {
        "exp": 0.45784708725007345,
        "xpow": 0.44227529309012115,
        "is": 0.2934657555303121
      },
      "top200_scores": {
        "exp": 0.4189422191546776,
        "xpow": 0.36597425717153426,
        "is": 0.3733765891207124
      },
      "cos_exp_xpow_top200": 0.967965053736933,
      "r2_span_expxpow_top200": 0.9048628570548168,
      "beta_span_expxpow_top200": [
        -1.1806393835710896,
        5.77275450555582
      ],
      "r2_span_expis_top200": 0.6157243107326534,
      "beta_span_expis_top200": [
        -5.271862204147457,
        2.718422758547501
      ],
      "xpow_minus_exp_full": 0.002833173168816122,
      "xpow_minus_exp_top100": -0.015571794159952301
    },
    {
      "slug": "pride_and_prejudice",
      "name": "Pride and Prejudice",
      "c": 34.11942084275591,
      "full_winner": "exp",
      "top50_winner": "xpow",
      "top100_winner": "xpow",
      "top200_winner": "xpow",
      "full_scores": {
        "exp": 0.16783926418160022,
        "xpow": 0.17040718698413082,
        "is": 0.17136127135128554
      },
      "top50_scores": {
        "exp": 0.24945544640074846,
        "xpow": 0.21065956597156246,
        "is": 0.27621853469525887
      },
      "top100_scores": {
        "exp": 0.257334843569292,
        "xpow": 0.1867510240339795,
        "is": 0.31119737114664064
      },
      "top200_scores": {
        "exp": 0.3007778391034795,
        "xpow": 0.20970487524047632,
        "is": 0.349115414390184
      },
      "cos_exp_xpow_top200": 0.9614523717581439,
      "r2_span_expxpow_top200": 0.8818098193440638,
      "beta_span_expxpow_top200": [
        -1.349979500881287,
        3.5526373945629866
      ],
      "r2_span_expis_top200": 0.43039785545298237,
      "beta_span_expis_top200": [
        -4.288801860071716,
        1.7471214347969637
      ],
      "xpow_minus_exp_full": 0.002567922802530598,
      "xpow_minus_exp_top100": -0.07058381953531248
    },
    {
      "slug": "canterbury_tales",
      "name": "Canterbury Tales",
      "c": 15.250535352832612,
      "full_winner": "exp",
      "top50_winner": "xpow",
      "top100_winner": "xpow",
      "top200_winner": "xpow",
      "full_scores": {
        "exp": 0.1678242283162659,
        "xpow": 0.17057069256526533,
        "is": 0.17093623968880178
      },
      "top50_scores": {
        "exp": 0.24088460051901586,
        "xpow": 0.16495517019865336,
        "is": 0.42449552840979193
      },
      "top100_scores": {
        "exp": 0.25481221136418786,
        "xpow": 0.1661770198226896,
        "is": 0.4011119059293468
      },
      "top200_scores": {
        "exp": 0.27416543312382596,
        "xpow": 0.17557748317942376,
        "is": 0.3807578258938321
      },
      "cos_exp_xpow_top200": 0.9687343074723137,
      "r2_span_expxpow_top200": 0.9055514597068391,
      "beta_span_expxpow_top200": [
        -1.6199803209564496,
        2.828408149304749
      ],
      "r2_span_expis_top200": 0.605517380047518,
      "beta_span_expis_top200": [
        -3.849221134997596,
        1.4386026985915896
      ],
      "xpow_minus_exp_full": 0.002746464248999436,
      "xpow_minus_exp_top100": -0.08863519154149826
    },
    {
      "slug": "arabian_nights_vol1",
      "name": "Arabian Nights (Vol 1)",
      "c": 6.42540318643635,
      "full_winner": "exp",
      "top50_winner": "xpow",
      "top100_winner": "xpow",
      "top200_winner": "xpow",
      "full_scores": {
        "exp": 0.18278688989650455,
        "xpow": 0.1845699635740453,
        "is": 0.18624953256722684
      },
      "top50_scores": {
        "exp": 0.22352587933880413,
        "xpow": 0.17063195206411555,
        "is": 0.5095284216498809
      },
      "top100_scores": {
        "exp": 0.2508448232702061,
        "xpow": 0.17175320323099497,
        "is": 0.4474583183112473
      },
      "top200_scores": {
        "exp": 0.23381393851028953,
        "xpow": 0.14578263485568674,
        "is": 0.3723653671686032
      },
      "cos_exp_xpow_top200": 0.9672208088322242,
      "r2_span_expxpow_top200": 0.5005719862185323,
      "beta_span_expxpow_top200": [
        -1.1459816344300855,
        1.4772768848357682
      ],
      "r2_span_expis_top200": 0.48459274098212535,
      "beta_span_expis_top200": [
        -2.614233064954657,
        0.8696406853962171
      ],
      "xpow_minus_exp_full": 0.0017830736775407419,