{
  "algebraic": {
    "bic": -106146.18281255414,
    "k": 553.7588386036174,
    "rmse": 0.11396912168311966,
    "w_gate": 2.932196748682635,
    "w_tail": 0.5511019370954897
  },
  "arctan": {
    "bic": -105034.13460379837,
    "k": 612.9678487623045,
    "rmse": 0.11658975236545475,
    "w_gate": 2.19551447911423,
    "w_tail": 0.49358135351751553
  },
  "erf": {
    "bic": -108101.40890745526,
    "k": 512.0946871423376,
    "rmse": 0.10950349362874981,
    "w_gate": 2.6465868538771136,
    "w_tail": 0.5945384869123734
  },
  "logistic": {
    "bic": -107202.19167713833,
    "k": 517.4737850106158,
    "rmse": 0.11153510000339996,
    "w_gate": 1.258543154194611,
    "w_tail": 0.5913011967647902
  },
  "tanh": {
    "bic": -107202.19168431366,
    "k": 517.4794153189266,
    "rmse": 0.11153509998703928,
    "w_gate": 2.5170050336006846,
    "w_tail": 0.5912942115909777
  }
}
