rep,V,zm_b,zm_c,zm_rmse,winner,step2_helps
0,23650,1.0799010174959465,965.0933000141404,0.25966254710983816,is,True
1,23671,1.1553511887053185,1278.188278487058,0.25995272444357426,is,True
2,23648,1.1165888180641392,1163.220327430857,0.2474127288534466,is,True
