slug,corpus,vocab_size,generator_gate,generator_k,generator_w_gate,generator_w_tail,winner_gate,worst_gate,bic_spread,logistic_independent_rank,bic_erf_minus_logistic,bic_tanh_minus_logistic,w_gate_tanh_over_2w_gate_logistic_ratio,tanh_calibration_pass,total_wall_clock_seconds,logistic_bic,logistic_rmse,logistic_k,logistic_w_gate,logistic_w_tail,logistic_starts_within_1_bic,tanh_bic,tanh_rmse,tanh_k,tanh_w_gate,tanh_w_tail,tanh_starts_within_1_bic,erf_bic,erf_rmse,erf_k,erf_w_gate,erf_w_tail,erf_starts_within_1_bic,algebraic_bic,algebraic_rmse,algebraic_k,algebraic_w_gate,algebraic_w_tail,algebraic_starts_within_1_bic,arctan_bic,arctan_rmse,arctan_k,arctan_w_gate,arctan_w_tail,arctan_starts_within_1_bic
federalist_papers,Federalist Papers,8617,logistic,227.86649487514222,1.4486891354396882,0.4807055080267939,logistic,arctan,292985.1955176061,1,243143.97512281686,613.4169302490773,0.9999999996294623,False,268.97579193115234,-367782.9089164232,5.368649227058655e-10,227.86650576206495,1.4486891207377208,0.48070548413465797,1,-367169.49198617414,5.563179249075523e-10,227.8665061534687,2.8973782404018538,0.4807054832757251,1,-124638.93379360635,0.000719549205109767,218.4064671640724,2.98534919985246,0.502111934795926,26,-88700.24271253828,0.005790428175408492,285.2948479866367,3.0652177939933583,0.3792555860639669,26,-74797.71339881708,0.012973362334023943,342.5152082530285,2.1408974355390398,0.3113478046425737,18
